pair_id,kw_a,kw_b,jaccard,source,serp_overlap,truth,split,jac_syn,pred,best_guess,reason
0,Facebook email finder,Website email finder,0.5,sampled,0.0,Different,test,0.5,Different,Different,They target different platforms for email finding.
1,Contact Finder,Facebook contact finder,0.6666666666666666,sampled,0.0,Different,test,0.6666666666666666,Same,Same,Both keywords refer to tools for finding contact information.
2,Email Finder,Instagram email finder,0.6666666666666666,sampled,0.0,Different,test,0.6666666666666666,Different,Different,The first keyword is general while the second is specific to Instagram.
5,Linkedin Email Finder,Google email finder,0.5,sampled,0.1,Uncertain,test,0.5,Different,Different,They target different platforms and functionalities.
6,Linkedin Email Finder,Facebook email finder,0.5,sampled,0.0,Different,test,0.5,Different,Different,"The platforms are distinct, leading to different user intents."
7,Youtube Channel Finder,YouTube email finder,0.5,sampled,0.0,Different,test,0.5,Different,Different,The keywords focus on different aspects of finding information related to YouTube.
9,Contact Finder,LinkedIn contact finder,0.6666666666666666,sampled,0.1,Uncertain,test,0.6666666666666666,Same,Same,"Both keywords refer to tools for finding contacts, with the second being a specific type."
10,Instagram email scraper,Google email scraper,0.5,sampled,0.2,Uncertain,test,0.5,Different,Different,The platforms and contexts are distinct.
11,Google Search Scraper,Facebook Search Scraper,0.5,sampled,0.1,Uncertain,test,0.5,Different,Different,The keywords refer to different platforms and specific functionalities.
12,Facebook Ad Scraper,Facebook post scraper,0.5,sampled,0.1,Uncertain,test,0.5,Different,Different,The focus on ads versus posts indicates distinct functionalities.
13,google maps scraper,Google Search Scraper,0.5,sampled,0.1111111111111111,Uncertain,test,0.5,Different,Different,They target different platforms and functionalities.
14,Facebook profile scraper,Facebook Search Scraper,0.5,sampled,0.3,Same,test,0.5,Different,Different,The focus on profiles versus search indicates distinct functionalities.
15,Twitter media scraper,Twitter image scraper,0.5,sampled,0.4,Same,test,0.5,Same,Same,Both keywords refer to scraping media content from Twitter.
16,Email Finder,TikTok email finder,0.6666666666666666,sampled,0.0,Different,test,0.6666666666666666,Different,Different,The specific platform in Keyword B indicates a distinct search intent.
18,Google email scraper,Google lead scraper,0.5,sampled,0.1,Uncertain,test,0.5,Different,Different,The focus on 'email' vs 'lead' indicates distinct functionalities.
19,Linkedin Email Finder,Twitter email finder,0.5,sampled,0.0,Different,test,0.5,Different,Different,"The platforms are distinct, leading to different user intents."
20,Linkedin Email Finder,Instagram email finder,0.5,sampled,0.0,Different,test,0.5,Different,Different,"The platforms are distinct, leading to different user intents."
21,Twitter email finder,Website email finder,0.5,sampled,0.0,Different,test,0.5,Different,Different,The keywords target different platforms and functionalities.
23,TikTok profile scraper,TikTok follower scraper,0.5,sampled,0.2,Uncertain,test,0.5,Different,Different,They target different functionalities related to TikTok.
24,Facebook profile scraper,TikTok profile scraper,0.5,sampled,0.1,Uncertain,test,0.5,Different,Different,"The platforms are different, indicating distinct user intents."
25,Linkedin Scraper,LinkedIn profile post scraper,0.5,sampled,0.3,Same,test,0.5,Different,Different,The first keyword is broader while the second is more specific to profile posts.
26,Facebook automation tool,Instagram automation tool,0.5,sampled,0.0,Different,test,0.5,Different,Different,The keywords refer to automation tools for different platforms.
27,Google email scraper,Google Search Scraper,0.5,sampled,0.1,Uncertain,test,0.5,Different,Different,The focus on email versus search indicates distinct functionalities.
28,Twitter media scraper,Twitter profile scraper,0.5,sampled,0.7,Same,test,0.5,Different,Different,The focus on media versus profile indicates distinct functionalities.
31,TikTok email finder,YouTube email finder,0.5,sampled,0.1111111111111111,Uncertain,test,0.5,Different,Different,"The platforms are distinct, leading to different user intents."
33,Email Finder,Linkedin Email Finder,0.6666666666666666,sampled,0.1,Uncertain,test,0.6666666666666666,Different,Different,"The second keyword specifies a platform, indicating a distinct search intent."
35,TikTok email finder,Website email finder,0.5,sampled,0.0,Different,test,0.5,Different,Different,The keywords target different platforms and functionalities.
36,LinkedIn profile scraper,LinkedIn profile post scraper,0.75,sampled,0.3,Same,test,0.75,Same,Same,Both keywords focus on scraping LinkedIn profiles.
39,TikTok profile scraper,Instagram profile scraper,0.5,sampled,0.1,Uncertain,test,0.5,Different,Different,"The platforms are distinct, leading to different user intents."
40,Facebook email finder,TikTok email finder,0.5,sampled,0.0,Different,test,0.5,Different,Different,"The platforms are distinct, leading to different user intents."
41,Google lead scraper,Google Search Scraper,0.5,sampled,0.1,Uncertain,test,0.5,Same,Same,Both keywords refer to tools for extracting data from Google.
42,TikTok profile scraper,TikTok hashtag scraper,0.5,sampled,0.1,Uncertain,test,0.5,Different,Different,The focus on profiles versus hashtags indicates distinct functionalities.
44,b2b Lead Generator,Lead Generator,0.6666666666666666,sampled,0.3,Same,test,0.6666666666666666,Different,Different,The addition of 'b2b' specifies a distinct target audience.
45,people finder,Facebook contact finder,0.25,sampled,0.0,Different,test,0.25,Different,Different,The first keyword is general while the second is specific to Facebook.
46,TikTok Influencer Finder,Facebook email finder,0.2,sampled,0.0,Different,test,0.2,Different,Different,The platforms and purposes of the tools are distinct.
47,Instagram post scraper,Instagram contact finder,0.2,sampled,0.1,Uncertain,test,0.2,Different,Different,The first focuses on scraping posts while the second targets finding contacts.
48,Linkedin Email Finder,people finder,0.25,sampled,0.0,Different,test,0.25,Different,Different,The keywords target distinct functionalities and user needs.
49,Reverse Email Lookup,TikTok email finder,0.2,sampled,0.0,Different,test,0.5,Different,Different,The keywords target different platforms and functionalities.
50,Twitter media scraper,Twitter profile search,0.2,sampled,0.0,Different,test,0.2,Different,Different,The first focuses on media extraction while the second is about searching profiles.
51,Facebook Ad Scraper,Facebook contact finder,0.2,sampled,0.0,Different,test,0.2,Different,Different,The keywords target distinct functionalities related to Facebook.
52,Decision Maker Finder,Website email finder,0.2,sampled,0.0,Different,test,0.2,Different,Different,The keywords target distinct functionalities and user needs.
53,Creator Finder,Website email finder,0.25,sampled,0.0,Different,test,0.25,Different,Different,The terms refer to distinct functionalities and target different user needs.
54,Contact Finder,Company Finder,0.3333333333333333,sampled,0.0,Different,test,0.3333333333333333,Different,Different,The keywords refer to distinct types of searches.
55,Facebook profile scraper,Facebook automation tool,0.2,sampled,0.1,Uncertain,test,0.2,Different,Different,The terms refer to distinct functionalities and purposes.
56,Company Profile Generator,TikTok profile scraper,0.2,sampled,0.1,Uncertain,test,0.2,Different,Different,The keywords refer to distinct functionalities and platforms.
57,Instagram lead generation tool,Instagram automation tool,0.4,sampled,0.0,Different,test,0.4,Different,Different,The keywords refer to distinct functionalities related to Instagram.
58,Instagram contact finder,TikTok email finder,0.2,sampled,0.1,Uncertain,test,0.2,Different,Different,The platforms and functionalities are distinct.
60,Facebook email finder,Facebook scraper,0.25,sampled,0.0,Different,test,0.25,Different,Different,"The first focuses on finding emails, while the second is about scraping content."
61,Influencer Analysis Tool,Instagram Influencer Finder,0.2,sampled,0.0,Different,test,0.2,Different,Different,The first keyword is broader and not specific to Instagram.
62,TikTok follower scraper,Facebook Search Scraper,0.2,sampled,0.1,Uncertain,test,0.2,Different,Different,The platforms and specific functionalities are distinct.
63,google maps scraper,Facebook Search Scraper,0.2,sampled,0.1111111111111111,Uncertain,test,0.2,Different,Different,The keywords refer to different platforms and functionalities.
64,Reverse Email Lookup,Google email finder,0.2,sampled,0.1,Uncertain,test,0.5,Different,Different,They refer to different methods of finding email addresses.
66,Local Business Finder,Facebook contact finder,0.2,sampled,0.0,Different,test,0.2,Different,Different,The keywords target different platforms and functionalities.
67,Company Profile Generator,LinkedIn profile scraper,0.2,sampled,0.0,Different,test,0.2,Different,Different,The keywords refer to different tools and functionalities.
68,Contact Finder,Youtube Channel Finder,0.25,sampled,0.0,Different,test,0.25,Different,Different,The keywords refer to different platforms and specific functionalities.
70,Data Enrichment Tool,Candidate Sourcing Tool,0.2,sampled,0.0,Different,test,0.2,Different,Different,They serve distinct purposes in the recruitment process.
71,LinkedIn job scraper,LinkedIn sales navigator scraper,0.4,sampled,0.0,Different,test,0.4,Different,Different,The keywords target distinct functionalities related to LinkedIn.
72,AI Email Generator,Twitter email finder,0.2,sampled,0.0,Different,test,0.2,Different,Different,The keywords target different functionalities and platforms.
73,Google maps email scraper,Instagram email scraper,0.4,sampled,0.0,Different,test,0.4,Different,Different,The keywords target different platforms and functionalities.
74,LinkedIn profile post scraper,Facebook post scraper,0.4,sampled,0.1,Uncertain,test,0.4,Different,Different,The platforms and specific functionalities are distinct.
75,people finder,Website email finder,0.25,sampled,0.0,Different,test,0.25,Different,Different,The intents are focused on different types of information retrieval.
76,Youtube Channel Finder,Twitter email finder,0.2,sampled,0.0,Different,test,0.2,Different,Different,The keywords target different platforms and functionalities.
77,Creator Finder,LinkedIn contact finder,0.25,sampled,0.0,Different,test,0.25,Different,Different,The keywords refer to different platforms and functionalities.
78,people finder,Creator Finder,0.3333333333333333,sampled,0.0,Different,test,0.3333333333333333,Different,Different,The terms refer to distinct types of searches related to finding individuals versus creators.
79,Talent Finder,Instagram contact finder,0.25,sampled,0.0,Different,test,0.25,Different,Different,The first keyword is general while the second is specific to Instagram.
80,Google Search Scraper,email scraper,0.25,sampled,0.0,Different,test,0.25,Different,Different,The keywords refer to different types of scraping tools.
81,Linkedin Email Finder,LinkedIn profile scraper,0.2,sampled,0.0,Different,test,0.2,Different,Different,The keywords focus on distinct functionalities related to LinkedIn.
83,Web contact scraper,TikTok follower scraper,0.2,sampled,0.0,Different,test,0.2,Different,Different,The keywords target different platforms and functionalities.
84,TikTok email finder,TikTok hashtag scraper,0.2,sampled,0.1,Uncertain,test,0.2,Different,Different,The keywords focus on distinct functionalities related to TikTok.
85,b2b Lead Generator,RAG Web Browser,0.0,sampled,0.0,Different,test,0.0,Different,Different,The keywords refer to distinct concepts and target different audiences.
86,Youtube Channel Finder,Google lead scraper,0.0,sampled,0.0,Different,test,0.0,Different,Different,The keywords target different platforms and functionalities.
87,Facebook Ad Scraper,RAG Web Browser,0.0,sampled,0.0,Different,test,0.0,Different,Different,The keywords refer to distinct tools with different functionalities.
88,Local Business Finder,Lead Generator,0.0,sampled,0.0,Different,test,0.0,Different,Different,The terms refer to distinct concepts and functionalities.
89,Youtube Channel Finder,Company Profile Generator,0.0,sampled,0.0,Different,test,0.0,Different,Different,The keywords target distinct functionalities and user needs.
90,LinkedIn profile scraper,Website data extractor,0.0,sampled,0.0,Different,test,0.2,Different,Different,The keywords target different platforms and functionalities.
92,Linkedin Email Finder,RAG Web Browser,0.0,sampled,0.0,Different,test,0.0,Different,Different,The keywords refer to distinct tools with different functionalities.
93,Instagram phone number scraper,Web contact scraper,0.16666666666666666,sampled,0.0,Different,test,0.16666666666666666,Different,Different,The keywords target different platforms and types of data.
94,Search Resumes,Ad Library Scraper,0.0,sampled,0.0,Different,test,0.0,Different,Different,The keywords refer to distinct functionalities and target different user needs.
95,Sales prospecting tools,Lead List Builder,0.0,sampled,0.0,Different,test,0.0,Different,Different,They refer to different aspects of the sales process.
96,google maps scraper,Website data extractor,0.0,sampled,0.0,Different,test,0.2,Different,Different,"The first is specific to Google Maps, while the second is a broader term for extracting data from any website."
97,Cofounder Matching,Sales prospecting tools,0.0,sampled,0.0,Different,test,0.0,Different,Different,The keywords target distinct concepts and audiences.
98,Reverse Email Lookup,Linkedin Scraper,0.0,sampled,0.0,Different,test,0.0,Different,Different,The keywords target distinct functionalities and platforms.
99,Lead Enrichment Tool,Twitter image scraper,0.0,sampled,0.0,Different,test,0.0,Different,Different,The keywords refer to distinct functionalities and platforms.
101,Linkedin Email Finder,Instagram phone number scraper,0.0,sampled,0.0,Different,test,0.0,Different,Different,The keywords target different platforms and types of data.
102,b2b Lead Generator,Ad Library Scraper,0.0,sampled,0.1,Uncertain,test,0.0,Different,Different,The keywords refer to distinct tools and purposes in marketing.
103,Talent Finder,TikTok follower scraper,0.0,sampled,0.0,Different,test,0.0,Different,Different,The terms refer to distinct functionalities and platforms.
104,Instagram email finder,TikTok hashtag generator,0.0,sampled,0.0,Different,test,0.0,Different,Different,The keywords target different platforms and functionalities.
105,Lead Enrichment Tool,Google maps email scraper,0.0,sampled,0.0,Different,test,0.0,Different,Different,The keywords refer to distinct tools with different functionalities.
106,Search Resumes,Local Business Finder,0.0,sampled,0.0,Different,test,0.25,Different,Different,The keywords target distinct functionalities and user needs.
107,Google maps email scraper,TikTok profile scraper,0.16666666666666666,sampled,0.0,Different,test,0.16666666666666666,Different,Different,The keywords target different platforms and functionalities.
108,Lead List Builder,Instagram post scraper,0.0,sampled,0.1,Uncertain,test,0.0,Different,Different,The keywords refer to distinct functionalities and platforms.
109,LinkedIn profile scraper,LinkedIn phone number finder,0.16666666666666666,sampled,0.0,Different,test,0.16666666666666666,Different,Different,The keywords focus on different functionalities related to LinkedIn data extraction.
110,Lead Scoring,TikTok hashtag scraper,0.0,sampled,0.0,Different,test,0.0,Different,Different,The keywords pertain to entirely different topics and contexts.
111,Linkedin Email Finder,Business Owner Lookup,0.0,sampled,0.0,Different,test,0.2,Different,Different,The keywords target different functionalities and user intents.
112,Lead Scoring,Instagram automation tool,0.0,sampled,0.0,Different,test,0.0,Different,Different,The keywords refer to distinct concepts and functionalities.
113,Local Business Finder,LinkedIn sales navigator scraper,0.0,sampled,0.0,Different,test,0.0,Different,Different,The keywords target different functionalities and platforms.
114,Instagram contact finder,LinkedIn profile post scraper,0.0,sampled,0.1,Uncertain,test,0.0,Different,Different,The keywords target different platforms and functionalities.
115,Email Verifier,Email Verifier Pricing,0.6666666666666666,adversarial,0.4,Same,test,0.6666666666666666,Different,Different,"The second keyword specifies a pricing aspect, indicating a different search intent."
116,Email Finder,How to Find Email Addresses,0.16666666666666666,adversarial,0.6,Same,test,0.16666666666666666,Different,Different,One is a tool and the other is a guide.
117,b2b Lead Generator,Best B2B Lead Generation Tools,0.3333333333333333,adversarial,0.3,Same,test,0.3333333333333333,Different,Different,"The first keyword focuses on the process, while the second emphasizes tools."
118,Contact Finder,Contact Finder vs Email Finder,0.5,adversarial,0.2,Uncertain,test,0.5,Different,Different,The second keyword specifies a comparison with a different tool.
119,Data Enrichment Tool,Free Data Enrichment Tool,0.75,adversarial,0.4,Same,test,0.75,Same,Same,The addition of 'Free' specifies a type but does not change the core intent.
121,Company Finder,Company Finder Alternative,0.6666666666666666,adversarial,0.0,Different,test,0.6666666666666666,Same,Same,Both keywords imply searching for a tool or service to locate companies.
122,Lead Scoring,Lead Scoring Best Practices,0.5,adversarial,0.3333333333333333,Same,test,0.5,Different,Different,One focuses on the concept while the other emphasizes implementation strategies.
123,Linkedin Scraper,LinkedIn Scraper Free,0.6666666666666666,adversarial,0.5,Same,test,0.6666666666666666,Same,Same,"Both keywords refer to a tool for scraping LinkedIn data, with one specifying it as free."
124,Linkedin Email Finder,How to Find Email on LinkedIn,0.2857142857142857,adversarial,0.3,Same,test,0.2857142857142857,Different,Different,One is a tool and the other is a guide.
126,AI Email Generator,AI Email Generator Pricing,0.75,adversarial,0.7,Same,test,0.75,Different,Different,"The first keyword focuses on the tool itself, while the second emphasizes pricing information."
127,Lead Enrichment Tool,Lead Enrichment Tools Comparison,0.4,adversarial,0.3,Same,test,0.75,Different,Different,One is a tool while the other is a comparison of tools.
128,Sales prospecting tools,Best Sales Prospecting Tools,0.75,adversarial,0.8,Same,test,0.75,Same,Same,Both keywords focus on tools for sales prospecting.
129,CEO Finder,How to Find CEO Contact Information,0.14285714285714285,adversarial,0.2,Uncertain,test,0.14285714285714285,Different,Different,One is a tool/service while the other is a guide.
130,people finder,People Finder Tool Free,0.5,adversarial,0.6,Same,test,0.5,Same,Same,Both keywords refer to tools for finding people.
131,Buyer Intent Data Tool,Buyer Intent Data Tool Alternative,0.8,adversarial,0.6,Same,test,0.8,Different,Different,"The second keyword implies a comparison or alternative, suggesting different user needs."
132,LinkedIn profile scraper,How to Scrape LinkedIn Profiles,0.14285714285714285,adversarial,0.3,Same,test,0.14285714285714285,Different,Different,One is a tool and the other is a tutorial.
133,Instagram email scraper,Instagram Email Scraper Free,0.75,adversarial,0.9,Same,test,0.75,Same,Same,Both keywords refer to the same tool with a focus on Instagram email scraping.
134,Website email finder,How to Find Email Addresses on Websites,0.1111111111111111,adversarial,0.6,Same,test,0.1111111111111111,Different,Different,One is a tool while the other is a guide.
135,Web contact scraper,Best Web Contact Scraper Tools,0.6,adversarial,0.3,Same,test,0.6,Same,Same,Both keywords focus on tools for scraping web contacts.
136,email scraper,Email Scraper vs Email Finder,0.5,adversarial,0.3,Same,test,0.5,Different,Different,"The first is a tool for extracting emails, while the second compares two different tools."
137,YouTube email finder,How to Find YouTube Channel Email,0.2857142857142857,adversarial,0.3333333333333333,Same,test,0.2857142857142857,Different,Different,One is a tool and the other is a guide.
138,Google Search Scraper,Free Google Search Scraper,0.75,adversarial,0.6,Same,test,0.75,Same,Same,The addition of 'Free' does not change the core intent of scraping Google search results.
139,Facebook scraper,Facebook Scraper Pricing,0.6666666666666666,adversarial,0.3,Same,test,0.6666666666666666,Different,Different,One focuses on functionality while the other on cost.
